<?xml version="1.0" encoding="UTF-8"?>
<!DOCTYPE beans PUBLIC "-//SPRING//DTD BEAN//EN"
"http://www.springframework.org/dtd/spring-beans.dtd">
<beans>
    <bean id="WebsiteInfo" class="com.tomaszmozolewski.websitegrabber.WebsiteInfo" singleton="false">
        <!--  Base URL - has to finish with a / and cannot point to file -->
        <constructor-arg>
            <value>http://www.geocities.com/mozotom/</value>        
        </constructor-arg>
        
        <!-- Base Dir has to finish with a / -->
        <constructor-arg>
            <value>C:/backup/webpages/mozotom/</value>
        </constructor-arg>
        
        <!-- Includes -->
        <constructor-arg>
            <list>
                <value>index.html</value>
                <value>tree.dtd.xml</value>
	        <value>pics</value>        
                <value>flights</value>        
                <value>projects</value>
                <value>whitebk.gif</value>
                <value>plus.bmp</value>
                <value>minus.bmp</value>

            </list>        
        </constructor-arg>
        
        <!-- Excludes -->
        <constructor-arg>
            <list>
            </list>        
        </constructor-arg>
        
        <!-- Attributes to search for links -->
        <constructor-arg>
            <list>
		        <value>href</value>
		        <value>src</value>
		        <value>action</value>
		        <value>img</value>
		        <value>url</value>
		        <value>link</value>
            </list>        
        </constructor-arg>
    </bean>

    <bean id="WebsiteGrabber" class="com.tomaszmozolewski.websitegrabber.WebsiteGrabber" singleton="false">
        <!-- Website Info -->
        <constructor-arg>
            <ref local="WebsiteInfo" />
        </constructor-arg>
        
        <!-- Max number of threads -->
        <constructor-arg>
            <value>20</value>        
        </constructor-arg>
    </bean>
</beans>
