<?xml version="1.0" encoding="UTF-8" ?>
<!DOCTYPE log4j:configuration SYSTEM "log4j.dtd">
<log4j:configuration>
    <appender name="ROLL" class="org.apache.log4j.RollingFileAppender">
        <param name="file" value="${server.root}/applogs/Log4JDemo/log4jDemo.log" />
        <param name="append" value="true" />
        <layout class="org.apache.log4j.PatternLayout">
            <param name="ConversionPattern" value="%5p %d{ISO8601} [%t][%x] %c - %m%n" />
        </layout>
    </appender>
    <root>
		<priority value="error" />
		<appender-ref ref="ROLL" />
	</root>
</log4j:configuration>