<?xml version="1.0" encoding="UTF-8"?>
<!DOCTYPE beans PUBLIC "-//SPRING//DTD BEAN 2.0//EN"
    "http://www.springframework.org/dtd/spring-beans-2.0.dtd">

<beans>
    <bean id="log4jInitialization" class="org.springframework.beans.factory.config.MethodInvokingFactoryBean">
        <property name="targetClass"
            value="org.springframework.util.Log4jConfigurer" />
        <property name="targetMethod" value="initLogging" />
        <property name="arguments">
            <list>
                <value>classpath:conf/log4j.${com.citigroup.rel.websphere.env}.xml</value>
            </list>
        </property>
    </bean>
</beans>